,SCFA,Vendor2Exclude,Train/Test,MiceID,Parameter,PredictedValue
0,Acetate,Beijing,train,SI5,k1,0.061251455479782606
1,Acetate,Beijing,train,HI5,k1,0.09536020836512124
2,Acetate,Beijing,train,GI3,k1,0.01469402012583975
3,Acetate,Beijing,train,SI2,k1,0.016975044658771917
4,Acetate,Beijing,train,GI4,k1,0.00711639793045302
5,Acetate,Beijing,train,GI2,k1,0.0038386917378333187
6,Acetate,Beijing,train,SI3,k1,0.0957027253282219
7,Acetate,Beijing,train,GI1,k1,0.0031682545083639804
8,Acetate,Beijing,train,SI1,k1,0.1160706294853746
9,Acetate,Beijing,train,SI4,k1,0.08375642961687271
10,Acetate,Beijing,train,HI1,k1,0.00650349240274398
11,Acetate,Beijing,train,HI2,k1,0.07207331957458386
12,Acetate,Beijing,train,HI4,k1,0.05613162765281755
13,Acetate,Beijing,test,BI4,k1,0.006416478901275424
14,Acetate,Beijing,test,BI5,k1,0.023018216479933615
15,Acetate,Beijing,test,BI1,k1,0.06021555530429369
16,Acetate,Beijing,test,BI3,k1,0.027080680801770268
17,Acetate,Beijing,test,BI2,k1,0.0341027789551231
18,Acetate,Beijing,train,SI5,k2,0.27752782366611173
19,Acetate,Beijing,train,HI5,k2,0.24152024699302374
20,Acetate,Beijing,train,GI3,k2,0.3890555837799679
21,Acetate,Beijing,train,SI2,k2,0.28814925906263317
22,Acetate,Beijing,train,GI4,k2,0.32582814166051655
23,Acetate,Beijing,train,GI2,k2,0.5089792923959137
24,Acetate,Beijing,train,SI3,k2,0.39329381536472435
25,Acetate,Beijing,train,GI1,k2,0.3733715576091984
26,Acetate,Beijing,train,SI1,k2,0.2522889671766431
27,Acetate,Beijing,train,SI4,k2,0.48955221103904445
28,Acetate,Beijing,train,HI1,k2,0.1255634643508774
29,Acetate,Beijing,train,HI2,k2,0.3045347010292134
30,Acetate,Beijing,train,HI4,k2,0.14377628329450082
31,Acetate,Beijing,test,BI4,k2,0.3400506581735652
32,Acetate,Beijing,test,BI5,k2,0.3402599108851781
33,Acetate,Beijing,test,BI1,k2,0.33611834686941616
34,Acetate,Beijing,test,BI3,k2,0.34942852079378184
35,Acetate,Beijing,test,BI2,k2,0.27122613373206067
36,Acetate,Beijing,train,SI5,D,7.95988386817083
37,Acetate,Beijing,train,HI5,D,6.133076898601538
38,Acetate,Beijing,train,GI3,D,8.769236749219262
39,Acetate,Beijing,train,SI2,D,7.771810673409682
40,Acetate,Beijing,train,GI4,D,6.01546055569246
41,Acetate,Beijing,train,GI2,D,5.053799295187504
42,Acetate,Beijing,train,SI3,D,11.258316680861729
43,Acetate,Beijing,train,GI1,D,4.799650105107215
44,Acetate,Beijing,train,SI1,D,11.710932450753972
45,Acetate,Beijing,train,SI4,D,11.29422237265284
46,Acetate,Beijing,train,HI1,D,4.161150724827481
47,Acetate,Beijing,train,HI2,D,8.831193461034566
48,Acetate,Beijing,train,HI4,D,4.928652641479858
49,Acetate,Beijing,test,BI4,D,6.796329238986594
50,Acetate,Beijing,test,BI5,D,7.852271614841438
51,Acetate,Beijing,test,BI1,D,8.04522877232946
52,Acetate,Beijing,test,BI3,D,7.614128114166398
53,Acetate,Beijing,test,BI2,D,6.530001723488319
54,Acetate,Beijing,train,SI5,H,0.4657444268158674
55,Acetate,Beijing,train,HI5,H,0.18498332289417344
56,Acetate,Beijing,train,GI3,H,0.2005438597539987
57,Acetate,Beijing,train,SI2,H,0.24637574398286427
58,Acetate,Beijing,train,GI4,H,0.04278526332280429
59,Acetate,Beijing,train,GI2,H,8.927015919996323e-09
60,Acetate,Beijing,train,SI3,H,0.8785832395295152
61,Acetate,Beijing,train,GI1,H,0.0002935003270942727
62,Acetate,Beijing,train,SI1,H,0.5243065904443164
63,Acetate,Beijing,train,SI4,H,0.8550423828259222
64,Acetate,Beijing,train,HI1,H,2.001590560261707e-09
65,Acetate,Beijing,train,HI2,H,0.7488421025663616
66,Acetate,Beijing,train,HI4,H,0.1265761645571113
67,Acetate,Beijing,test,BI4,H,2.6508965700188697e-06
68,Acetate,Beijing,test,BI5,H,0.27876516271562773
69,Acetate,Beijing,test,BI1,H,0.2719902680075717
70,Acetate,Beijing,test,BI3,H,0.06547235216225616
71,Acetate,Beijing,test,BI2,H,0.3785864868035852
72,Acetate,Guangdong,train,BI4,k1,0.005466272159100181
73,Acetate,Guangdong,train,BI5,k1,0.013864440089151652
74,Acetate,Guangdong,train,SI5,k1,0.04106147050610293
75,Acetate,Guangdong,train,HI5,k1,0.09852608107154544
76,Acetate,Guangdong,train,BI1,k1,0.13905692729615107
77,Acetate,Guangdong,train,BI3,k1,0.03343553386303041
78,Acetate,Guangdong,train,SI2,k1,0.019966350047627625
79,Acetate,Guangdong,train,BI2,k1,0.021336385871306835
80,Acetate,Guangdong,train,SI3,k1,0.1443248378699519
81,Acetate,Guangdong,train,SI4,k1,0.09931579822909503
82,Acetate,Guangdong,train,SI1,k1,0.15038010178485722
83,Acetate,Guangdong,train,HI1,k1,0.008477173499955647
84,Acetate,Guangdong,train,HI2,k1,0.12995382160601107
85,Acetate,Guangdong,train,HI4,k1,0.06838443337067117
86,Acetate,Guangdong,test,GI4,k1,0.011653919866943316
87,Acetate,Guangdong,test,GI1,k1,0.011558785702065347
88,Acetate,Guangdong,test,GI3,k1,0.009070468367575432
89,Acetate,Guangdong,test,GI2,k1,0.011217181538672448
90,Acetate,Guangdong,train,BI4,k2,0.5169116344509196
91,Acetate,Guangdong,train,BI5,k2,0.5694909337360706
92,Acetate,Guangdong,train,SI5,k2,0.21181043879451322
93,Acetate,Guangdong,train,HI5,k2,0.2930243738230358
94,Acetate,Guangdong,train,BI1,k2,0.518782258882576
95,Acetate,Guangdong,train,BI3,k2,0.5838120248480757
96,Acetate,Guangdong,train,SI2,k2,0.3020221701399707
97,Acetate,Guangdong,train,BI2,k2,0.1994080253454187
98,Acetate,Guangdong,train,SI3,k2,0.3630407945534448
99,Acetate,Guangdong,train,SI4,k2,0.45750018956876143
100,Acetate,Guangdong,train,SI1,k2,0.21976811805368388
101,Acetate,Guangdong,train,HI1,k2,0.16777519904590968
102,Acetate,Guangdong,train,HI2,k2,0.2876713525925107
103,Acetate,Guangdong,train,HI4,k2,0.19775324225286306
104,Acetate,Guangdong,test,GI4,k2,0.4349352167736452
105,Acetate,Guangdong,test,GI1,k2,0.4549635687851791
106,Acetate,Guangdong,test,GI3,k2,0.4504616881657115
107,Acetate,Guangdong,test,GI2,k2,0.44822120347561467
108,Acetate,Guangdong,train,BI4,D,4.378466793949804
109,Acetate,Guangdong,train,BI5,D,11.114154721267585
110,Acetate,Guangdong,train,SI5,D,8.563486980293103
111,Acetate,Guangdong,train,HI5,D,5.447299700855304
112,Acetate,Guangdong,train,BI1,D,18.588558463359327
113,Acetate,Guangdong,train,BI3,D,17.250849391654242
114,Acetate,Guangdong,train,SI2,D,6.878974508724357
115,Acetate,Guangdong,train,BI2,D,3.5137567623335393
116,Acetate,Guangdong,train,SI3,D,16.132389287810057
117,Acetate,Guangdong,train,SI4,D,14.93913088761146
118,Acetate,Guangdong,train,SI1,D,15.254962405392433
119,Acetate,Guangdong,train,HI1,D,2.7777707410601775
120,Acetate,Guangdong,train,HI2,D,11.984337604362864
121,Acetate,Guangdong,train,HI4,D,3.4435313814767636
122,Acetate,Guangdong,test,GI4,D,5.180308959891491
123,Acetate,Guangdong,test,GI1,D,5.564667159360269
124,Acetate,Guangdong,test,GI3,D,4.2690348328136425
125,Acetate,Guangdong,test,GI2,D,5.131148479828231
126,Acetate,Guangdong,train,BI4,H,0.028700090925821885
127,Acetate,Guangdong,train,BI5,H,0.10882165966531204
128,Acetate,Guangdong,train,SI5,H,0.05131329209255695
129,Acetate,Guangdong,train,HI5,H,0.3997432582986158
130,Acetate,Guangdong,train,BI1,H,0.5360391864645871
131,Acetate,Guangdong,train,BI3,H,0.15357001375129903
132,Acetate,Guangdong,train,SI2,H,0.03179308114806159
133,Acetate,Guangdong,train,BI2,H,0.023617742650371427
134,Acetate,Guangdong,train,SI3,H,0.5712180173271779
135,Acetate,Guangdong,train,SI4,H,0.2366684317314702
136,Acetate,Guangdong,train,SI1,H,0.43581062044238766
137,Acetate,Guangdong,train,HI1,H,0.0069058577541626165
138,Acetate,Guangdong,train,HI2,H,0.33509345029400167
139,Acetate,Guangdong,train,HI4,H,0.051060793765372973
140,Acetate,Guangdong,test,GI4,H,0.04608886782505092
141,Acetate,Guangdong,test,GI1,H,0.033096618741530345
142,Acetate,Guangdong,test,GI3,H,0.03414464857054448
143,Acetate,Guangdong,test,GI2,H,0.031037245149064852
144,Acetate,Hunan,train,BI4,k1,0.0001818415297228765
145,Acetate,Hunan,train,BI5,k1,0.026158906261570254
146,Acetate,Hunan,train,SI5,k1,0.059552556665791165
147,Acetate,Hunan,train,SI2,k1,0.0034413105467908404
148,Acetate,Hunan,train,GI3,k1,0.0015650063597804074
149,Acetate,Hunan,train,BI3,k1,0.038070989900894324
150,Acetate,Hunan,train,BI1,k1,0.1186290052092633
151,Acetate,Hunan,train,GI4,k1,0.0007792992083476346
152,Acetate,Hunan,train,GI2,k1,0.0001764523722932484
153,Acetate,Hunan,train,GI1,k1,0.0001657458146514234
154,Acetate,Hunan,train,SI3,k1,0.10062677474384747
155,Acetate,Hunan,train,SI1,k1,0.1237333733714484
156,Acetate,Hunan,train,SI4,k1,0.09544034441070692
157,Acetate,Hunan,train,BI2,k1,0.04722874772198879
158,Acetate,Hunan,test,HI5,k1,0.06703952455220742
159,Acetate,Hunan,test,HI2,k1,0.07712134451783752
160,Acetate,Hunan,test,HI1,k1,0.0003858480739966789
161,Acetate,Hunan,test,HI4,k1,0.081200585433282
162,Acetate,Hunan,train,BI4,k2,0.5633299376594615
163,Acetate,Hunan,train,BI5,k2,0.6341084909942053
164,Acetate,Hunan,train,SI5,k2,0.30204243053700197
165,Acetate,Hunan,train,SI2,k2,0.3233831743381099
166,Acetate,Hunan,train,GI3,k2,0.515310496895711
167,Acetate,Hunan,train,BI3,k2,0.6407864767430994
168,Acetate,Hunan,train,BI1,k2,0.5436059016878448
169,Acetate,Hunan,train,GI4,k2,0.3211802590152323
170,Acetate,Hunan,train,GI2,k2,0.514629458140888
171,Acetate,Hunan,train,GI1,k2,0.3637153992236614
172,Acetate,Hunan,train,SI3,k2,0.43739444996729004
173,Acetate,Hunan,train,SI1,k2,0.35729532498557826
174,Acetate,Hunan,train,SI4,k2,0.5042122596148352
175,Acetate,Hunan,train,BI2,k2,0.3155587506827333
176,Acetate,Hunan,test,HI5,k2,0.3868331703461841
177,Acetate,Hunan,test,HI2,k2,0.454498118432473
178,Acetate,Hunan,test,HI1,k2,0.31183118212886796
179,Acetate,Hunan,test,HI4,k2,0.37591864371781175
180,Acetate,Hunan,train,BI4,D,5.548056536845121
181,Acetate,Hunan,train,BI5,D,10.682529345721703
182,Acetate,Hunan,train,SI5,D,7.885081725572394
183,Acetate,Hunan,train,SI2,D,6.860666939306522
184,Acetate,Hunan,train,GI3,D,11.165397502687256
185,Acetate,Hunan,train,BI3,D,16.679205561748656
186,Acetate,Hunan,train,BI1,D,18.403095860185452
187,Acetate,Hunan,train,GI4,D,7.6545049323899015
188,Acetate,Hunan,train,GI2,D,5.893062591721717
189,Acetate,Hunan,train,GI1,D,4.425842079432718
190,Acetate,Hunan,train,SI3,D,16.77050856059226
191,Acetate,Hunan,train,SI1,D,18.108488637693785
192,Acetate,Hunan,train,SI4,D,17.97383768519164
193,Acetate,Hunan,train,BI2,D,5.012999447860672
194,Acetate,Hunan,test,HI5,D,16.8855695999901
195,Acetate,Hunan,test,HI2,D,17.991935350649754
196,Acetate,Hunan,test,HI1,D,5.339196834092811
197,Acetate,Hunan,test,HI4,D,15.786029582350121
198,Acetate,Hunan,train,BI4,H,0.012778435872969595
199,Acetate,Hunan,train,BI5,H,0.3005918289245534
200,Acetate,Hunan,train,SI5,H,0.16601970647383857
201,Acetate,Hunan,train,SI2,H,0.06188475618388396
202,Acetate,Hunan,train,GI3,H,0.09263930911198535
203,Acetate,Hunan,train,BI3,H,0.4410996158101495
204,Acetate,Hunan,train,BI1,H,0.42955472014492274
205,Acetate,Hunan,train,GI4,H,0.004826441036196882
206,Acetate,Hunan,train,GI2,H,0.0032762770783348063
207,Acetate,Hunan,train,GI1,H,0.006675368203813578
208,Acetate,Hunan,train,SI3,H,0.6249335995438772
209,Acetate,Hunan,train,SI1,H,0.3835894618600892
210,Acetate,Hunan,train,SI4,H,0.37512187462785995
211,Acetate,Hunan,train,BI2,H,0.021124500836575574
212,Acetate,Hunan,test,HI5,H,0.18295029149340009
213,Acetate,Hunan,test,HI2,H,0.5286638715033526
214,Acetate,Hunan,test,HI1,H,0.006052745781015305
215,Acetate,Hunan,test,HI4,H,0.39473500310481713
216,Acetate,Shanghai,train,BI4,k1,7.585413946788745e-10
217,Acetate,Shanghai,train,BI5,k1,0.12281776239717941
218,Acetate,Shanghai,train,GI2,k1,0.011149766164280598
219,Acetate,Shanghai,train,HI5,k1,0.12281776239717941
220,Acetate,Shanghai,train,GI3,k1,0.4080801497104432
221,Acetate,Shanghai,train,BI1,k1,0.6688351816098232
222,Acetate,Shanghai,train,BI3,k1,0.6688351816098232
223,Acetate,Shanghai,train,GI4,k1,0.011149766164280598
224,Acetate,Shanghai,train,BI2,k1,0.07371143799251054
225,Acetate,Shanghai,train,GI1,k1,7.585413946788745e-10
226,Acetate,Shanghai,train,HI1,k1,0.07371143799251054
227,Acetate,Shanghai,train,HI2,k1,0.4080801497104432
228,Acetate,Shanghai,train,HI4,k1,0.07371143799251054
229,Acetate,Shanghai,test,SI5,k1,0.033980091399642164
230,Acetate,Shanghai,test,SI2,k1,7.585413946788745e-10
231,Acetate,Shanghai,test,SI3,k1,7.585413946788745e-10
232,Acetate,Shanghai,test,SI4,k1,0.5034302023758804
233,Acetate,Shanghai,test,SI1,k1,0.540617071440689
234,Acetate,Shanghai,train,BI4,k2,0.827244491567993
235,Acetate,Shanghai,train,BI5,k2,0.827244491567993
236,Acetate,Shanghai,train,GI2,k2,0.827244491567993
237,Acetate,Shanghai,train,HI5,k2,0.09852022307115682
238,Acetate,Shanghai,train,GI3,k2,0.39487110012126925
239,Acetate,Shanghai,train,BI1,k2,0.39487110012126925
240,Acetate,Shanghai,train,BI3,k2,0.827244491567993
241,Acetate,Shanghai,train,GI4,k2,0.39487110012126925
242,Acetate,Shanghai,train,BI2,k2,0.09852022307115682
243,Acetate,Shanghai,train,GI1,k2,0.39487110012126925
244,Acetate,Shanghai,train,HI1,k2,0.09852022307115682
245,Acetate,Shanghai,train,HI2,k2,0.39487110012126925
246,Acetate,Shanghai,train,HI4,k2,0.09852022307115682
247,Acetate,Shanghai,test,SI5,k2,0.09852022307115682
248,Acetate,Shanghai,test,SI2,k2,0.09852022307115682
249,Acetate,Shanghai,test,SI3,k2,0.39487110012126925
250,Acetate,Shanghai,test,SI4,k2,0.09852022307115682
251,Acetate,Shanghai,test,SI1,k2,0.39487110012126925
252,Acetate,Shanghai,train,BI4,D,5.2572911951628445
253,Acetate,Shanghai,train,BI5,D,15.4314044330278
254,Acetate,Shanghai,train,GI2,D,5.816165749954094
255,Acetate,Shanghai,train,HI5,D,5.713452216213795
256,Acetate,Shanghai,train,GI3,D,15.205584170049402
257,Acetate,Shanghai,train,BI1,D,21.08904822224652
258,Acetate,Shanghai,train,BI3,D,30.351696186942103
259,Acetate,Shanghai,train,GI4,D,6.734193000550078
260,Acetate,Shanghai,train,BI2,D,1.6756296898101721
261,Acetate,Shanghai,train,GI1,D,2.5954072428037427
262,Acetate,Shanghai,train,HI1,D,1.767676470248126
263,Acetate,Shanghai,train,HI2,D,16.935703396298354
264,Acetate,Shanghai,train,HI4,D,1.6012612466330367
265,Acetate,Shanghai,test,SI5,D,2.6686821521700606
266,Acetate,Shanghai,test,SI2,D,2.5039362461991175
267,Acetate,Shanghai,test,SI3,D,7.792211707763951
268,Acetate,Shanghai,test,SI4,D,6.484751651865024
269,Acetate,Shanghai,test,SI1,D,7.617766908117718
270,Acetate,Shanghai,train,BI4,H,0.11202774255749276
271,Acetate,Shanghai,train,BI5,H,0.6656333144504488
272,Acetate,Shanghai,train,GI2,H,7.64110708298928e-12
273,Acetate,Shanghai,train,HI5,H,0.6629555769226494
274,Acetate,Shanghai,train,GI3,H,3.735037704221837
275,Acetate,Shanghai,train,BI1,H,5.388590657301486
276,Acetate,Shanghai,train,BI3,H,10.191975987501655
277,Acetate,Shanghai,train,GI4,H,0.016771006461012625
278,Acetate,Shanghai,train,BI2,H,0.051139383413582234
279,Acetate,Shanghai,train,GI1,H,0.07418270235263678
280,Acetate,Shanghai,train,HI1,H,1.0400835387483907e-10
281,Acetate,Shanghai,train,HI2,H,2.133483824155022
282,Acetate,Shanghai,train,HI4,H,0.07215316168485918
283,Acetate,Shanghai,test,SI5,H,0.009302606343733318
284,Acetate,Shanghai,test,SI2,H,0.0037676933746395424
285,Acetate,Shanghai,test,SI3,H,0.416758862366528
286,Acetate,Shanghai,test,SI4,H,0.1277399090955485
287,Acetate,Shanghai,test,SI1,H,0.1545875532895846
288,Propionate,Beijing,train,SI5,k1,3.6476029055174245e-08
289,Propionate,Beijing,train,HI5,k1,0.04470214767117883
290,Propionate,Beijing,train,GI3,k1,0.42052680196685394
291,Propionate,Beijing,train,SI2,k1,3.6476029055174245e-08
292,Propionate,Beijing,train,GI4,k1,0.04470214767117883
293,Propionate,Beijing,train,GI2,k1,0.04470214767117883
294,Propionate,Beijing,train,SI3,k1,3.6476029055174245e-08
295,Propionate,Beijing,train,GI1,k1,0.42052680196685394
296,Propionate,Beijing,train,SI1,k1,0.42052680196685394
297,Propionate,Beijing,train,SI4,k1,3.6476029055174245e-08
298,Propionate,Beijing,train,HI1,k1,0.42052680196685394
299,Propionate,Beijing,train,HI2,k1,0.04470214767117883
300,Propionate,Beijing,train,HI4,k1,0.42052680196685394
301,Propionate,Beijing,test,BI4,k1,0.42052680196685394
302,Propionate,Beijing,test,BI5,k1,0.42052680196685394
303,Propionate,Beijing,test,BI1,k1,0.42052680196685394
304,Propionate,Beijing,test,BI3,k1,0.42052680196685394
305,Propionate,Beijing,test,BI2,k1,0.42052680196685394
306,Propionate,Beijing,train,SI5,k2,0.0011304656051862147
307,Propionate,Beijing,train,HI5,k2,0.08002572164096845
308,Propionate,Beijing,train,GI3,k2,0.0817000880134833
309,Propionate,Beijing,train,SI2,k2,0.001820119799942249
310,Propionate,Beijing,train,GI4,k2,0.14772069445828526
311,Propionate,Beijing,train,GI2,k2,0.1236734680005977
312,Propionate,Beijing,train,SI3,k2,0.024012214353407137
313,Propionate,Beijing,train,GI1,k2,0.0664645593334689
314,Propionate,Beijing,train,SI1,k2,0.0022273835028040834
315,Propionate,Beijing,train,SI4,k2,0.0033986959417694946
316,Propionate,Beijing,train,HI1,k2,0.03629180181866887
317,Propionate,Beijing,train,HI2,k2,0.055379038098202694
318,Propionate,Beijing,train,HI4,k2,0.02161337721685843
319,Propionate,Beijing,test,BI4,k2,0.06491411482154866
320,Propionate,Beijing,test,BI5,k2,0.03325947551372943
321,Propionate,Beijing,test,BI1,k2,0.03026046494441092
322,Propionate,Beijing,test,BI3,k2,0.04561823211452492
323,Propionate,Beijing,test,BI2,k2,0.02367494294656565
324,Propionate,Beijing,train,SI5,D,0.0009776272612262809
325,Propionate,Beijing,train,HI5,D,5.983868792256329
326,Propionate,Beijing,train,GI3,D,11.365636279539672
327,Propionate,Beijing,train,SI2,D,0.0006132826519226932
328,Propionate,Beijing,train,GI4,D,9.921663751432948
329,Propionate,Beijing,train,GI2,D,14.703602760591803
330,Propionate,Beijing,train,SI3,D,1.3811954003705114
331,Propionate,Beijing,train,GI1,D,6.2721077744697
332,Propionate,Beijing,train,SI1,D,1.7966036837904922
333,Propionate,Beijing,train,SI4,D,1.0123484048885867
334,Propionate,Beijing,train,HI1,D,8.272647741533063
335,Propionate,Beijing,train,HI2,D,6.858461707957918
336,Propionate,Beijing,train,HI4,D,4.842990927593506
337,Propionate,Beijing,test,BI4,D,1.8861157070805712
338,Propionate,Beijing,test,BI5,D,2.065671078242928
339,Propionate,Beijing,test,BI1,D,4.619396243330273
340,Propionate,Beijing,test,BI3,D,1.6489073508704681
341,Propionate,Beijing,test,BI2,D,0.8732294909354607
342,Propionate,Beijing,train,SI5,H,0.01115394738498666
343,Propionate,Beijing,train,HI5,H,0.09369717548420803
344,Propionate,Beijing,train,GI3,H,1.6362289314704617
345,Propionate,Beijing,train,SI2,H,0.01115394738498666
346,Propionate,Beijing,train,GI4,H,3.1450410432588775e-10
347,Propionate,Beijing,train,GI2,H,0.21983981253647258
348,Propionate,Beijing,train,SI3,H,0.09369717548420803
349,Propionate,Beijing,train,GI1,H,1.6362289314704617
350,Propionate,Beijing,train,SI1,H,0.09369717548420803
351,Propionate,Beijing,train,SI4,H,0.09369717548420803
352,Propionate,Beijing,train,HI1,H,1.6362289314704617
353,Propionate,Beijing,train,HI2,H,1.6362289314704617
354,Propionate,Beijing,train,HI4,H,0.21983981253647258
355,Propionate,Beijing,test,BI4,H,2.0491349765501695e-05
356,Propionate,Beijing,test,BI5,H,2.0491349765501695e-05
357,Propionate,Beijing,test,BI1,H,5.018050036576667e-06
358,Propionate,Beijing,test,BI3,H,2.0491349765501695e-05
359,Propionate,Beijing,test,BI2,H,2.0491349765501695e-05
360,Propionate,Guangdong,train,BI4,k1,0.03621958512303116
361,Propionate,Guangdong,train,BI5,k1,0.17924217815710738
362,Propionate,Guangdong,train,SI5,k1,1.1404335409152877e-06
363,Propionate,Guangdong,train,HI5,k1,0.059986307203325054
364,Propionate,Guangdong,train,BI1,k1,0.1727101649376268
365,Propionate,Guangdong,train,BI3,k1,0.38206688072621087
366,Propionate,Guangdong,train,SI2,k1,2.9291621573977696e-07
367,Propionate,Guangdong,train,BI2,k1,0.31496294069481406
368,Propionate,Guangdong,train,SI3,k1,3.6406281583650515e-06
369,Propionate,Guangdong,train,SI4,k1,1.4690925764776167e-06
370,Propionate,Guangdong,train,SI1,k1,0.01228062875703472
371,Propionate,Guangdong,train,HI1,k1,0.23576654794733728
372,Propionate,Guangdong,train,HI2,k1,0.16711126913911648
373,Propionate,Guangdong,train,HI4,k1,0.05721606952023366
374,Propionate,Guangdong,test,GI4,k1,0.02033928195195672
375,Propionate,Guangdong,test,GI1,k1,0.08392248609630003
376,Propionate,Guangdong,test,GI3,k1,0.03330189406031522
377,Propionate,Guangdong,test,GI2,k1,0.05122078294231875
378,Propionate,Guangdong,train,BI4,k2,0.09092548695284364
379,Propionate,Guangdong,train,BI5,k2,0.21078087495966288
380,Propionate,Guangdong,train,SI5,k2,4.9458333702260145e-06
381,Propionate,Guangdong,train,HI5,k2,0.5455252511140982
382,Propionate,Guangdong,train,BI1,k2,0.34966922242750964
383,Propionate,Guangdong,train,BI3,k2,0.6424971458068249
384,Propionate,Guangdong,train,SI2,k2,8.109535239689795e-06
385,Propionate,Guangdong,train,BI2,k2,0.4115479645786027
386,Propionate,Guangdong,train,SI3,k2,0.07088433518124738
387,Propionate,Guangdong,train,SI4,k2,0.015982204570174286
388,Propionate,Guangdong,train,SI1,k2,9.58441566369777e-06
389,Propionate,Guangdong,train,HI1,k2,0.20990678135194543
390,Propionate,Guangdong,train,HI2,k2,0.294580080803206
391,Propionate,Guangdong,train,HI4,k2,0.18313891996109366
392,Propionate,Guangdong,test,GI4,k2,0.10742411544486133
393,Propionate,Guangdong,test,GI1,k2,0.1061437204029731
394,Propionate,Guangdong,test,GI3,k2,0.05821617272869102
395,Propionate,Guangdong,test,GI2,k2,0.12714014083829908
396,Propionate,Guangdong,train,BI4,D,0.919041653378774
397,Propionate,Guangdong,train,BI5,D,5.233816860134294
398,Propionate,Guangdong,train,SI5,D,0.030050830013327198
399,Propionate,Guangdong,train,HI5,D,4.831984219601587
400,Propionate,Guangdong,train,BI1,D,10.14781790404087
401,Propionate,Guangdong,train,BI3,D,14.000405945452039
402,Propionate,Guangdong,train,SI2,D,0.02901751503376162
403,Propionate,Guangdong,train,BI2,D,12.939251532944054
404,Propionate,Guangdong,train,SI3,D,1.022836357491313
405,Propionate,Guangdong,train,SI4,D,0.14304102025964346
406,Propionate,Guangdong,train,SI1,D,0.5990559652857445
407,Propionate,Guangdong,train,HI1,D,3.5661284643364746
408,Propionate,Guangdong,train,HI2,D,6.317498201152709
409,Propionate,Guangdong,train,HI4,D,4.0229386356842705
410,Propionate,Guangdong,test,GI4,D,2.2224335731073404
411,Propionate,Guangdong,test,GI1,D,2.8394142644373264
412,Propionate,Guangdong,test,GI3,D,2.5637777784785643
413,Propionate,Guangdong,test,GI2,D,2.4160323561940857
414,Propionate,Guangdong,train,BI4,H,0.00020268607066827702
415,Propionate,Guangdong,train,BI5,H,0.18166509979570375
416,Propionate,Guangdong,train,SI5,H,0.00020268607066827702
417,Propionate,Guangdong,train,HI5,H,0.18166509979570375
418,Propionate,Guangdong,train,BI1,H,4.106107382479759
419,Propionate,Guangdong,train,BI3,H,4.106107382479759
420,Propionate,Guangdong,train,SI2,H,0.00020268607066827702
421,Propionate,Guangdong,train,BI2,H,4.106107382479759
422,Propionate,Guangdong,train,SI3,H,0.18166509979570375
423,Propionate,Guangdong,train,SI4,H,0.00020268607066827702
424,Propionate,Guangdong,train,SI1,H,0.18166509979570375
425,Propionate,Guangdong,train,HI1,H,4.106107382479759
426,Propionate,Guangdong,train,HI2,H,0.18166509979570375
427,Propionate,Guangdong,train,HI4,H,0.18166509979570375
428,Propionate,Guangdong,test,GI4,H,0.18166509979570375
429,Propionate,Guangdong,test,GI1,H,0.011575245864193237
430,Propionate,Guangdong,test,GI3,H,0.18166509979570375
431,Propionate,Guangdong,test,GI2,H,0.18166509979570375
432,Propionate,Hunan,train,BI4,k1,0.036183313138208564
433,Propionate,Hunan,train,BI5,k1,0.25702009789501845
434,Propionate,Hunan,train,SI5,k1,3.5266112493075266e-07
435,Propionate,Hunan,train,SI2,k1,2.0356828273638324e-07
436,Propionate,Hunan,train,GI3,k1,0.284622679782346
437,Propionate,Hunan,train,BI3,k1,0.6636316920015336
438,Propionate,Hunan,train,BI1,k1,0.22358547240703047
439,Propionate,Hunan,train,GI4,k1,0.036171559177373115
440,Propionate,Hunan,train,GI2,k1,0.046385753443141
441,Propionate,Hunan,train,GI1,k1,0.15889886143232373
442,Propionate,Hunan,train,SI3,k1,4.996596772760266e-08
443,Propionate,Hunan,train,SI1,k1,0.047712663111299486
444,Propionate,Hunan,train,SI4,k1,2.0222648561379042e-08
445,Propionate,Hunan,train,BI2,k1,0.6662397020024245
446,Propionate,Hunan,test,HI5,k1,0.01674869270088169
447,Propionate,Hunan,test,HI2,k1,0.0037066886699003436
448,Propionate,Hunan,test,HI1,k1,0.0019594078965758993
449,Propionate,Hunan,test,HI4,k1,0.001338621275277468
450,Propionate,Hunan,train,BI4,k2,0.08890921050286817
451,Propionate,Hunan,train,BI5,k2,0.09999851718284884
452,Propionate,Hunan,train,SI5,k2,0.0005423896010906417
453,Propionate,Hunan,train,SI2,k2,0.0007659716316568906
454,Propionate,Hunan,train,GI3,k2,0.10612500309792072
455,Propionate,Hunan,train,BI3,k2,0.11861008123791561
456,Propionate,Hunan,train,BI1,k2,0.044393681124699526
457,Propionate,Hunan,train,GI4,k2,0.15080755876450308
458,Propionate,Hunan,train,GI2,k2,0.11125631902208775
459,Propionate,Hunan,train,GI1,k2,0.13968343439069622
460,Propionate,Hunan,train,SI3,k2,0.01260534380340261
461,Propionate,Hunan,train,SI1,k2,0.0008517635206742958
462,Propionate,Hunan,train,SI4,k2,0.0011426858341975076
463,Propionate,Hunan,train,BI2,k2,0.05475490668554694
464,Propionate,Hunan,test,HI5,k2,0.014940521507045425
465,Propionate,Hunan,test,HI2,k2,0.009344656312326905
466,Propionate,Hunan,test,HI1,k2,0.013146413619257318
467,Propionate,Hunan,test,HI4,k2,0.007912098738785931
468,Propionate,Hunan,train,BI4,D,2.230451461630233
469,Propionate,Hunan,train,BI5,D,4.428971078983126
470,Propionate,Hunan,train,SI5,D,0.0006904672045880881
471,Propionate,Hunan,train,SI2,D,0.00040223184339295776
472,Propionate,Hunan,train,GI3,D,11.219713630312485
473,Propionate,Hunan,train,BI3,D,28.10603485043011
474,Propionate,Hunan,train,BI1,D,17.111324977425213
475,Propionate,Hunan,train,GI4,D,9.609957273518098
476,Propionate,Hunan,train,GI2,D,11.286661515553664
477,Propionate,Hunan,train,GI1,D,4.67351928628818
478,Propionate,Hunan,train,SI3,D,1.4545437046410983
479,Propionate,Hunan,train,SI1,D,2.0285995573129543
480,Propionate,Hunan,train,SI4,D,1.190729269519992
481,Propionate,Hunan,train,BI2,D,27.333455235475665
482,Propionate,Hunan,test,HI5,D,7.5247000982719765
483,Propionate,Hunan,test,HI2,D,6.441647650136301
484,Propionate,Hunan,test,HI1,D,0.08870996818065265
485,Propionate,Hunan,test,HI4,D,5.503006262221726
486,Propionate,Hunan,train,BI4,H,0.0004948740061545446
487,Propionate,Hunan,train,BI5,H,0.10740183576572139
488,Propionate,Hunan,train,SI5,H,0.009521623627629252
489,Propionate,Hunan,train,SI2,H,0.0017496849384470248
490,Propionate,Hunan,train,GI3,H,0.007469166852613555
491,Propionate,Hunan,train,BI3,H,0.11640972311366428
492,Propionate,Hunan,train,BI1,H,0.1893874299451263
493,Propionate,Hunan,train,GI4,H,0.0005651165501076302
494,Propionate,Hunan,train,GI2,H,0.0017887849622537492
495,Propionate,Hunan,train,GI1,H,0.0076341549355086035
496,Propionate,Hunan,train,SI3,H,0.0558505887300662
497,Propionate,Hunan,train,SI1,H,0.037109779526752894
498,Propionate,Hunan,train,SI4,H,0.03201737336234114
499,Propionate,Hunan,train,BI2,H,0.14601521767986547
500,Propionate,Hunan,test,HI5,H,0.05505336614006988
501,Propionate,Hunan,test,HI2,H,0.10288399941603893
502,Propionate,Hunan,test,HI1,H,0.0014560262000906114
503,Propionate,Hunan,test,HI4,H,0.07020507701275173
504,Propionate,Shanghai,train,BI4,k1,0.12312190623150243
505,Propionate,Shanghai,train,BI5,k1,0.22073088121468007
506,Propionate,Shanghai,train,GI2,k1,0.11981117028091055
507,Propionate,Shanghai,train,HI5,k1,0.11025122211852921
508,Propionate,Shanghai,train,GI3,k1,0.16155566150966555
509,Propionate,Shanghai,train,BI1,k1,0.16907406782151213
510,Propionate,Shanghai,train,BI3,k1,0.24733116160138158
511,Propionate,Shanghai,train,GI4,k1,0.09634408235390943
512,Propionate,Shanghai,train,BI2,k1,0.2678951319447956
513,Propionate,Shanghai,train,GI1,k1,0.2122410905749927
514,Propionate,Shanghai,train,HI1,k1,0.22228233184239912
515,Propionate,Shanghai,train,HI2,k1,0.17202407685919163
516,Propionate,Shanghai,train,HI4,k1,0.15400962260732637
517,Propionate,Shanghai,test,SI5,k1,0.17156880250862785
518,Propionate,Shanghai,test,SI2,k1,0.17951485823389837
519,Propionate,Shanghai,test,SI3,k1,0.14976448062571732
520,Propionate,Shanghai,test,SI4,k1,0.16417898686981014
521,Propionate,Shanghai,test,SI1,k1,0.14218585798539565
522,Propionate,Shanghai,train,BI4,k2,0.454006997839586
523,Propionate,Shanghai,train,BI5,k2,0.394258451443889
524,Propionate,Shanghai,train,GI2,k2,0.5773837486353273
525,Propionate,Shanghai,train,HI5,k2,0.5295436440106408
526,Propionate,Shanghai,train,GI3,k2,0.490284359175463
527,Propionate,Shanghai,train,BI1,k2,0.5428328382979829
528,Propionate,Shanghai,train,BI3,k2,0.5013035417468157
529,Propionate,Shanghai,train,GI4,k2,0.591738476497497
530,Propionate,Shanghai,train,BI2,k2,0.5163506145621772
531,Propionate,Shanghai,train,GI1,k2,0.4681760921622915
532,Propionate,Shanghai,train,HI1,k2,0.618385275552457
533,Propionate,Shanghai,train,HI2,k2,0.43699106304469265
534,Propionate,Shanghai,train,HI4,k2,0.41189381856638135
535,Propionate,Shanghai,test,SI5,k2,0.5063612007005046
536,Propionate,Shanghai,test,SI2,k2,0.518325681865898
537,Propionate,Shanghai,test,SI3,k2,0.491529488690258
538,Propionate,Shanghai,test,SI4,k2,0.5060855120509417
539,Propionate,Shanghai,test,SI1,k2,0.5067287139111117
540,Propionate,Shanghai,train,BI4,D,8.331951089285305
541,Propionate,Shanghai,train,BI5,D,8.577400785818211
542,Propionate,Shanghai,train,GI2,D,10.656136037445851
543,Propionate,Shanghai,train,HI5,D,8.929288325907986
544,Propionate,Shanghai,train,GI3,D,10.280047719918214
545,Propionate,Shanghai,train,BI1,D,10.253777897528215
546,Propionate,Shanghai,train,BI3,D,11.779090592436159
547,Propionate,Shanghai,train,GI4,D,9.602052372690434
548,Propionate,Shanghai,train,BI2,D,10.959453219727136
549,Propionate,Shanghai,train,GI1,D,9.72160420314391
550,Propionate,Shanghai,train,HI1,D,11.88031061481002
551,Propionate,Shanghai,train,HI2,D,8.900936103933747
552,Propionate,Shanghai,train,HI4,D,8.262041657154366
553,Propionate,Shanghai,test,SI5,D,9.98318848393278
554,Propionate,Shanghai,test,SI2,D,10.110826976381631
555,Propionate,Shanghai,test,SI3,D,9.592825142094885
556,Propionate,Shanghai,test,SI4,D,9.617476932681946
557,Propionate,Shanghai,test,SI1,D,9.557575476259736
558,Propionate,Shanghai,train,BI4,H,0.0013572024191467295
559,Propionate,Shanghai,train,BI5,H,0.11438749095939928
560,Propionate,Shanghai,train,GI2,H,0.0045445071721928985
561,Propionate,Shanghai,train,HI5,H,0.03464356800901653
562,Propionate,Shanghai,train,GI3,H,0.0085450227617395
563,Propionate,Shanghai,train,BI1,H,0.10493851390135353
564,Propionate,Shanghai,train,BI3,H,0.12428930466601934
565,Propionate,Shanghai,train,GI4,H,0.0012210631588126639
566,Propionate,Shanghai,train,BI2,H,0.16802536020886782
567,Propionate,Shanghai,train,GI1,H,0.033258951873264345
568,Propionate,Shanghai,train,HI1,H,0.02840322211489478
569,Propionate,Shanghai,train,HI2,H,0.07157737018628339
570,Propionate,Shanghai,train,HI4,H,0.07299146451806367
571,Propionate,Shanghai,test,SI5,H,0.07917726506088536
572,Propionate,Shanghai,test,SI2,H,0.03717687503878804
573,Propionate,Shanghai,test,SI3,H,0.08558145568891141
574,Propionate,Shanghai,test,SI4,H,0.0819239344751948
575,Propionate,Shanghai,test,SI1,H,0.08777563416731153
576,Butyrate,Beijing,train,SI5,k1,0.19558085402593192
577,Butyrate,Beijing,train,HI5,k1,0.18350502318377257
578,Butyrate,Beijing,train,GI3,k1,0.24581421316511523
579,Butyrate,Beijing,train,SI2,k1,0.26185616043644167
580,Butyrate,Beijing,train,GI4,k1,0.1535291728359463
581,Butyrate,Beijing,train,GI2,k1,0.1520655687175876
582,Butyrate,Beijing,train,SI3,k1,0.3275644817259013
583,Butyrate,Beijing,train,GI1,k1,0.21496492167594888
584,Butyrate,Beijing,train,SI1,k1,0.16419374724950303
585,Butyrate,Beijing,train,SI4,k1,0.1535143665328246
586,Butyrate,Beijing,train,HI1,k1,0.34333886638076017
587,Butyrate,Beijing,train,HI2,k1,0.3532050620245843
588,Butyrate,Beijing,train,HI4,k1,0.3438500491021769
589,Butyrate,Beijing,test,BI4,k1,0.21487952405019975
590,Butyrate,Beijing,test,BI5,k1,0.23319618800530906
591,Butyrate,Beijing,test,BI1,k1,0.1807452352500639
592,Butyrate,Beijing,test,BI3,k1,0.26936491966512455
593,Butyrate,Beijing,test,BI2,k1,0.2881165602395747
594,Butyrate,Beijing,train,SI5,k2,0.2535032540985974
595,Butyrate,Beijing,train,HI5,k2,0.16267609169355463
596,Butyrate,Beijing,train,GI3,k2,0.1647769460395742
597,Butyrate,Beijing,train,SI2,k2,0.37738631113718607
598,Butyrate,Beijing,train,GI4,k2,0.24856621427365472
599,Butyrate,Beijing,train,GI2,k2,0.3562114139595104
600,Butyrate,Beijing,train,SI3,k2,0.1838625669394712
601,Butyrate,Beijing,train,GI1,k2,0.2006705905081743
602,Butyrate,Beijing,train,SI1,k2,0.17577631596792925
603,Butyrate,Beijing,train,SI4,k2,0.6885507118018506
604,Butyrate,Beijing,train,HI1,k2,0.6019617364895042
605,Butyrate,Beijing,train,HI2,k2,0.555503356396854
606,Butyrate,Beijing,train,HI4,k2,0.23742863354734814
607,Butyrate,Beijing,test,BI4,k2,0.26365008755943553
608,Butyrate,Beijing,test,BI5,k2,0.2167178546408103
609,Butyrate,Beijing,test,BI1,k2,0.21369321429105764
610,Butyrate,Beijing,test,BI3,k2,0.23158036126739168
611,Butyrate,Beijing,test,BI2,k2,0.26916981369856147
612,Butyrate,Beijing,train,SI5,D,6.246806368458627
613,Butyrate,Beijing,train,HI5,D,1.8417586868896032
614,Butyrate,Beijing,train,GI3,D,5.500658492828654
615,Butyrate,Beijing,train,SI2,D,13.12166916875357
616,Butyrate,Beijing,train,GI4,D,3.7078172084549417
617,Butyrate,Beijing,train,GI2,D,4.7124347832679385
618,Butyrate,Beijing,train,SI3,D,17.28975669711862
619,Butyrate,Beijing,train,GI1,D,2.0741082390128103
620,Butyrate,Beijing,train,SI1,D,5.120412977661448
621,Butyrate,Beijing,train,SI4,D,15.630013854539813
622,Butyrate,Beijing,train,HI1,D,10.296965563595942
623,Butyrate,Beijing,train,HI2,D,6.925985317388759
624,Butyrate,Beijing,train,HI4,D,3.182228092773439
625,Butyrate,Beijing,test,BI4,D,5.836387735257358
626,Butyrate,Beijing,test,BI5,D,5.019770212453239
627,Butyrate,Beijing,test,BI1,D,4.932545815813428
628,Butyrate,Beijing,test,BI3,D,5.101205227337306
629,Butyrate,Beijing,test,BI2,D,5.666624562297665
630,Butyrate,Beijing,train,SI5,H,0.059287520663727944
631,Butyrate,Beijing,train,HI5,H,0.013436764459917355
632,Butyrate,Beijing,train,GI3,H,0.025984674001283913
633,Butyrate,Beijing,train,SI2,H,0.09249325537662408
634,Butyrate,Beijing,train,GI4,H,0.00414758488294326
635,Butyrate,Beijing,train,GI2,H,0.009298651953193774
636,Butyrate,Beijing,train,SI3,H,0.06972421591881153
637,Butyrate,Beijing,train,GI1,H,0.032394799117342346
638,Butyrate,Beijing,train,SI1,H,0.01053940274748728
639,Butyrate,Beijing,train,SI4,H,0.047661157281065375
640,Butyrate,Beijing,train,HI1,H,0.1538481287684128
641,Butyrate,Beijing,train,HI2,H,0.09316168755623565
642,Butyrate,Beijing,train,HI4,H,0.0708982544730659
643,Butyrate,Beijing,test,BI4,H,0.019980747413368704
644,Butyrate,Beijing,test,BI5,H,0.021213722207625636
645,Butyrate,Beijing,test,BI1,H,0.017080784699926417
646,Butyrate,Beijing,test,BI3,H,0.04749427293418578
647,Butyrate,Beijing,test,BI2,H,0.09379443138076839
648,Butyrate,Guangdong,train,BI4,k1,0.7714233547984239
649,Butyrate,Guangdong,train,BI5,k1,0.3841686635267293
650,Butyrate,Guangdong,train,SI5,k1,0.20125882259647204
651,Butyrate,Guangdong,train,HI5,k1,0.2259264060461768
652,Butyrate,Guangdong,train,BI1,k1,0.366725956113418
653,Butyrate,Guangdong,train,BI3,k1,0.6862051331383999
654,Butyrate,Guangdong,train,SI2,k1,0.3679889337673994
655,Butyrate,Guangdong,train,BI2,k1,0.18056700624057026
656,Butyrate,Guangdong,train,SI3,k1,0.5771557971687015
657,Butyrate,Guangdong,train,SI4,k1,0.13335156991679825
658,Butyrate,Guangdong,train,SI1,k1,0.20106746333132822
659,Butyrate,Guangdong,train,HI1,k1,0.6873812557869993
660,Butyrate,Guangdong,train,HI2,k1,0.43965515499109314
661,Butyrate,Guangdong,train,HI4,k1,0.24133645976869
662,Butyrate,Guangdong,test,GI4,k1,0.5631464218567499
663,Butyrate,Guangdong,test,GI1,k1,0.592729391688198
664,Butyrate,Guangdong,test,GI3,k1,0.6087621372138194
665,Butyrate,Guangdong,test,GI2,k1,0.7219321029315765
666,Butyrate,Guangdong,train,BI4,k2,0.9999999986700778
667,Butyrate,Guangdong,train,BI5,k2,0.3195163976336295
668,Butyrate,Guangdong,train,SI5,k2,0.20195539789150396
669,Butyrate,Guangdong,train,HI5,k2,0.1503599441667193
670,Butyrate,Guangdong,train,BI1,k2,0.4508248169205358
671,Butyrate,Guangdong,train,BI3,k2,0.9999999861581346
672,Butyrate,Guangdong,train,SI2,k2,0.3501223803170612
673,Butyrate,Guangdong,train,BI2,k2,0.11760768579875423
674,Butyrate,Guangdong,train,SI3,k2,0.18215441280861216
675,Butyrate,Guangdong,train,SI4,k2,0.9678311850929037
676,Butyrate,Guangdong,train,SI1,k2,0.17630200709987995
677,Butyrate,Guangdong,train,HI1,k2,0.8826691422083627
678,Butyrate,Guangdong,train,HI2,k2,0.5697689416783724
679,Butyrate,Guangdong,train,HI4,k2,0.19932168349863563
680,Butyrate,Guangdong,test,GI4,k2,0.8078874996538579
681,Butyrate,Guangdong,test,GI1,k2,0.8009206121286628
682,Butyrate,Guangdong,test,GI3,k2,0.8476660221027466
683,Butyrate,Guangdong,test,GI2,k2,0.8588624835520273
684,Butyrate,Guangdong,train,BI4,D,14.649465048306146
685,Butyrate,Guangdong,train,BI5,D,3.5143225923750983
686,Butyrate,Guangdong,train,SI5,D,7.578498270625607
687,Butyrate,Guangdong,train,HI5,D,3.813648663486724
688,Butyrate,Guangdong,train,BI1,D,6.4064787541005925
689,Butyrate,Guangdong,train,BI3,D,14.042909050211106
690,Butyrate,Guangdong,train,SI2,D,14.421258620981874
691,Butyrate,Guangdong,train,BI2,D,3.200966596865641
692,Butyrate,Guangdong,train,SI3,D,8.216470129928615
693,Butyrate,Guangdong,train,SI4,D,9.540782102722346
694,Butyrate,Guangdong,train,SI1,D,8.576992797811902
695,Butyrate,Guangdong,train,HI1,D,13.008717560957692
696,Butyrate,Guangdong,train,HI2,D,4.015163336257812
697,Butyrate,Guangdong,train,HI4,D,3.363764329822935
698,Butyrate,Guangdong,test,GI4,D,12.052341544840994
699,Butyrate,Guangdong,test,GI1,D,11.66466280835584
700,Butyrate,Guangdong,test,GI3,D,11.35473680833037
701,Butyrate,Guangdong,test,GI2,D,13.745977529092247
702,Butyrate,Guangdong,train,BI4,H,2.4079356783391774
703,Butyrate,Guangdong,train,BI5,H,0.2537819599244433
704,Butyrate,Guangdong,train,SI5,H,0.10823256964649282
705,Butyrate,Guangdong,train,HI5,H,0.14985836354701687
706,Butyrate,Guangdong,train,BI1,H,0.3619803314957612
707,Butyrate,Guangdong,train,BI3,H,2.4079356783391774
708,Butyrate,Guangdong,train,SI2,H,2.207762502149508
709,Butyrate,Guangdong,train,BI2,H,0.08886285866960601
710,Butyrate,Guangdong,train,SI3,H,0.3146968110199466
711,Butyrate,Guangdong,train,SI4,H,0.14050063660682607
712,Butyrate,Guangdong,train,SI1,H,0.12429030772142868
713,Butyrate,Guangdong,train,HI1,H,2.4079356783391774
714,Butyrate,Guangdong,train,HI2,H,0.42401455882442984
715,Butyrate,Guangdong,train,HI4,H,0.21956408504101874
716,Butyrate,Guangdong,test,GI4,H,2.237416326745889
717,Butyrate,Guangdong,test,GI1,H,2.4079356783391774
718,Butyrate,Guangdong,test,GI3,H,2.2265885823867166
719,Butyrate,Guangdong,test,GI2,H,2.334169203200071
720,Butyrate,Hunan,train,BI4,k1,0.9999999964221394
721,Butyrate,Hunan,train,BI5,k1,0.31951646640928233
722,Butyrate,Hunan,train,SI5,k1,0.20195539042933464
723,Butyrate,Hunan,train,SI2,k1,0.3501223717418341
724,Butyrate,Hunan,train,GI3,k1,0.40439338752249954
725,Butyrate,Hunan,train,BI3,k1,0.9999999747273359
726,Butyrate,Hunan,train,BI1,k1,0.450824818997635
727,Butyrate,Hunan,train,GI4,k1,0.044038101956395466
728,Butyrate,Hunan,train,GI2,k1,0.09274846068223819
729,Butyrate,Hunan,train,GI1,k1,0.17825247728174132
730,Butyrate,Hunan,train,SI3,k1,0.9999999994822888
731,Butyrate,Hunan,train,SI1,k1,0.17630233942673715
732,Butyrate,Hunan,train,SI4,k1,0.09454871229072219
733,Butyrate,Hunan,train,BI2,k1,0.11760760563809687
734,Butyrate,Hunan,test,HI5,k1,0.1883699035624955
735,Butyrate,Hunan,test,HI2,k1,0.25476583015429566
736,Butyrate,Hunan,test,HI1,k1,0.18696575793107043
737,Butyrate,Hunan,test,HI4,k1,0.21068898459288457
738,Butyrate,Hunan,train,BI4,k2,0.3691531380562184
739,Butyrate,Hunan,train,BI5,k2,0.3542049042180875
740,Butyrate,Hunan,train,SI5,k2,0.28918683963316993
741,Butyrate,Hunan,train,SI2,k2,0.33077267637691044
742,Butyrate,Hunan,train,GI3,k2,0.28009270285748444
743,Butyrate,Hunan,train,BI3,k2,0.38962819689997796
744,Butyrate,Hunan,train,BI1,k2,0.31070277370616667
745,Butyrate,Hunan,train,GI4,k2,0.2827243707253134
746,Butyrate,Hunan,train,GI2,k2,0.30764417754959755
747,Butyrate,Hunan,train,GI1,k2,0.2797466817100203
748,Butyrate,Hunan,train,SI3,k2,0.28139448469905776
749,Butyrate,Hunan,train,SI1,k2,0.27741164005644814
750,Butyrate,Hunan,train,SI4,k2,0.3302806256017046
751,Butyrate,Hunan,train,BI2,k2,0.2699602880330247
752,Butyrate,Hunan,test,HI5,k2,0.29223901768984556
753,Butyrate,Hunan,test,HI2,k2,0.3053675360083496
754,Butyrate,Hunan,test,HI1,k2,0.30781356873917753
755,Butyrate,Hunan,test,HI4,k2,0.2979772883446108
756,Butyrate,Hunan,train,BI4,D,7.49805522795492
757,Butyrate,Hunan,train,BI5,D,5.036351672336263
758,Butyrate,Hunan,train,SI5,D,7.71925550779399
759,Butyrate,Hunan,train,SI2,D,8.249406081922933
760,Butyrate,Hunan,train,GI3,D,5.3704474542087794
761,Butyrate,Hunan,train,BI3,D,6.798110046664736
762,Butyrate,Hunan,train,BI1,D,6.832287287653521
763,Butyrate,Hunan,train,GI4,D,4.920134915121582
764,Butyrate,Hunan,train,GI2,D,5.45211417981364
765,Butyrate,Hunan,train,GI1,D,4.586141672799457
766,Butyrate,Hunan,train,SI3,D,8.799066165404271
767,Butyrate,Hunan,train,SI1,D,8.600097641275353
768,Butyrate,Hunan,train,SI4,D,9.027746472122026
769,Butyrate,Hunan,train,BI2,D,4.985191733430011
770,Butyrate,Hunan,test,HI5,D,7.60023596726909
771,Butyrate,Hunan,test,HI2,D,7.488629620669207
772,Butyrate,Hunan,test,HI1,D,6.06228638344348
773,Butyrate,Hunan,test,HI4,D,7.054243631676755
774,Butyrate,Hunan,train,BI4,H,4.0239834223170865
775,Butyrate,Hunan,train,BI5,H,0.4692160014284152
776,Butyrate,Hunan,train,SI5,H,0.18640930635578362
777,Butyrate,Hunan,train,SI2,H,0.4692160014284152
778,Butyrate,Hunan,train,GI3,H,0.18640930635578362
779,Butyrate,Hunan,train,BI3,H,4.0239834223170865
780,Butyrate,Hunan,train,BI1,H,0.4692160014284152
781,Butyrate,Hunan,train,GI4,H,9.790293442373358e-11
782,Butyrate,Hunan,train,GI2,H,0.08099819162887434
783,Butyrate,Hunan,train,GI1,H,0.18640930635578362
784,Butyrate,Hunan,train,SI3,H,0.4692160014284152
785,Butyrate,Hunan,train,SI1,H,0.08099819162887434
786,Butyrate,Hunan,train,SI4,H,0.22608350751570905
787,Butyrate,Hunan,train,BI2,H,0.01195448808539119
788,Butyrate,Hunan,test,HI5,H,0.0007434888524296564
789,Butyrate,Hunan,test,HI2,H,0.007645470250920126
790,Butyrate,Hunan,test,HI1,H,0.01589799235344787
791,Butyrate,Hunan,test,HI4,H,0.8153823603972385
792,Butyrate,Shanghai,train,BI4,k1,0.3589130340040066
793,Butyrate,Shanghai,train,BI5,k1,0.31359328724759344
794,Butyrate,Shanghai,train,GI2,k1,0.2416678982741077
795,Butyrate,Shanghai,train,HI5,k1,0.24808459771291502
796,Butyrate,Shanghai,train,GI3,k1,0.2779564352995665
797,Butyrate,Shanghai,train,BI1,k1,0.2813714945762599
798,Butyrate,Shanghai,train,BI3,k1,0.37652635007011614
799,Butyrate,Shanghai,train,GI4,k1,0.1986951976479136
800,Butyrate,Shanghai,train,BI2,k1,0.2751874824289348
801,Butyrate,Shanghai,train,GI1,k1,0.2470357611414627
802,Butyrate,Shanghai,train,HI1,k1,0.339096570540637
803,Butyrate,Shanghai,train,HI2,k1,0.2871465860788116
804,Butyrate,Shanghai,train,HI4,k1,0.2526087737167586
805,Butyrate,Shanghai,test,SI5,k1,0.2593341648513899
806,Butyrate,Shanghai,test,SI2,k1,0.2844496355347768
807,Butyrate,Shanghai,test,SI3,k1,0.26020302287709546
808,Butyrate,Shanghai,test,SI4,k1,0.2544936064832182
809,Butyrate,Shanghai,test,SI1,k1,0.25715856247352276
810,Butyrate,Shanghai,train,BI4,k2,0.4640282869043131
811,Butyrate,Shanghai,train,BI5,k2,0.3518904926483389
812,Butyrate,Shanghai,train,GI2,k2,0.3561815810109605
813,Butyrate,Shanghai,train,HI5,k2,0.30892091700967006
814,Butyrate,Shanghai,train,GI3,k2,0.2394090201501179
815,Butyrate,Shanghai,train,BI1,k2,0.40348734081192966
816,Butyrate,Shanghai,train,BI3,k2,0.4994459886793882
817,Butyrate,Shanghai,train,GI4,k2,0.24469573807831507
818,Butyrate,Shanghai,train,BI2,k2,0.2602258979347186
819,Butyrate,Shanghai,train,GI1,k2,0.24167518405206567
820,Butyrate,Shanghai,train,HI1,k2,0.5064889219559352
821,Butyrate,Shanghai,train,HI2,k2,0.411234959081996
822,Butyrate,Shanghai,train,HI4,k2,0.279554907970311
823,Butyrate,Shanghai,test,SI5,k2,0.3357301660128452
824,Butyrate,Shanghai,test,SI2,k2,0.3443951161628707
825,Butyrate,Shanghai,test,SI3,k2,0.3251475601650277
826,Butyrate,Shanghai,test,SI4,k2,0.33398352680426185
827,Butyrate,Shanghai,test,SI1,k2,0.32509914083753283
828,Butyrate,Shanghai,train,BI4,D,6.752366392173873
829,Butyrate,Shanghai,train,BI5,D,4.496528838138608
830,Butyrate,Shanghai,train,GI2,D,5.907576823508675
831,Butyrate,Shanghai,train,HI5,D,4.2410107901239575
832,Butyrate,Shanghai,train,GI3,D,5.767967092316191
833,Butyrate,Shanghai,train,BI1,D,4.511489392037606
834,Butyrate,Shanghai,train,BI3,D,5.7713018714782605
835,Butyrate,Shanghai,train,GI4,D,4.94111316994244
836,Butyrate,Shanghai,train,BI2,D,4.1535576257188245
837,Butyrate,Shanghai,train,GI1,D,4.71164808389539
838,Butyrate,Shanghai,train,HI1,D,6.275319563634813
839,Butyrate,Shanghai,train,HI2,D,4.440253872793593
840,Butyrate,Shanghai,train,HI4,D,4.109513563547198
841,Butyrate,Shanghai,test,SI5,D,4.419977477510519
842,Butyrate,Shanghai,test,SI2,D,5.4431809652102805
843,Butyrate,Shanghai,test,SI3,D,4.240734531794567
844,Butyrate,Shanghai,test,SI4,D,4.153242718231882
845,Butyrate,Shanghai,test,SI1,D,4.159136312311325
846,Butyrate,Shanghai,train,BI4,H,0.23064114323181847
847,Butyrate,Shanghai,train,BI5,H,0.14057198188134976
848,Butyrate,Shanghai,train,GI2,H,0.018945747778691565
849,Butyrate,Shanghai,train,HI5,H,0.02699970619821229
850,Butyrate,Shanghai,train,GI3,H,0.022755138930798974
851,Butyrate,Shanghai,train,BI1,H,0.05952459211477186
852,Butyrate,Shanghai,train,BI3,H,0.40582725297691
853,Butyrate,Shanghai,train,GI4,H,0.003838453969054199
854,Butyrate,Shanghai,train,BI2,H,0.018824408595148993
855,Butyrate,Shanghai,train,GI1,H,0.023220488451505712
856,Butyrate,Shanghai,train,HI1,H,0.21345194283795457
857,Butyrate,Shanghai,train,HI2,H,0.21383745044154648
858,Butyrate,Shanghai,train,HI4,H,0.05377648298019783
859,Butyrate,Shanghai,test,SI5,H,0.023676459023946474
860,Butyrate,Shanghai,test,SI2,H,0.02924691242605166
861,Butyrate,Shanghai,test,SI3,H,0.027996342104088495
862,Butyrate,Shanghai,test,SI4,H,0.022424615793219024
863,Butyrate,Shanghai,test,SI1,H,0.024062111720162076
